{
  "Replica": {
    "office0": {
      "GICP": {
        "AAE": 0.7091162762447387,
        "ATE": 0.009235954526542398
      },
      "HYBRID": {
        "AAE": 0.7093803001528893,
        "ATE": 0.009260470710823393
      },
      "ICP": {
        "AAE": 0.6397085400706546,
        "ATE": 0.009828920575153843
      },
      "PLANE_ICP": {
        "AAE": 0.6813786529722292,
        "ATE": 0.009218136845309245
      },
      "ours": {
        "AAE": 0.0092,
        "ATE": 0.0001136
      }
    },
    "office1": {
      "GICP": {
        "AAE": 0.5372479631737159,
        "ATE": 0.005905746094078801
      },
      "HYBRID": {
        "AAE": 0.5412518999531623,
        "ATE": 0.005949668611968673
      },
      "ICP": {
        "AAE": 0.3360501298609102,
        "ATE": 0.006257844810962991
      },
      "PLANE_ICP": {
        "AAE": 0.5215786994390265,
        "ATE": 0.005897142489476554
      },
      "ours": {
        "AAE": 0.0087,
        "ATE": 9.37e-05
      }
    },
    "office2": {
      "GICP": {
        "AAE": 0.6624031352825694,
        "ATE": 0.011754309249873772
      },
      "HYBRID": {
        "AAE": 0.667409353130265,
        "ATE": 0.012012526284780035
      },
      "ICP": {
        "AAE": 0.43359553271679724,
        "ATE": 0.011942467747145465
      },
      "PLANE_ICP": {
        "AAE": 0.5820463852187063,
        "ATE": 0.011620425231809929
      },
      "ours": {
        "AAE": 0.0107,
        "ATE": 0.0001836
      }
    },
    "office3": {
      "GICP": {
        "AAE": 0.44595512322597475,
        "ATE": 0.014376723144929757
      },
      "HYBRID": {
        "AAE": 0.4489020237956806,
        "ATE": 0.014990679562373028
      },
      "ICP": {
        "AAE": 0.2810756854209011,
        "ATE": 0.013342029024320344
      },
      "PLANE_ICP": {
        "AAE": 0.43794648071600284,
        "ATE": 0.01425645851000965
      },
      "ours": {
        "AAE": 0.0093,
        "ATE": 0.0002003
      }
    },
    "office4": {
      "GICP": {
        "AAE": 0.6244782506884774,
        "ATE": 0.012844602245591858
      },
      "HYBRID": {
        "AAE": 0.6249887648873795,
        "ATE": 0.01288694763489181
      },
      "ICP": {
        "AAE": 0.4185897042410004,
        "ATE": 0.013402050431974146
      },
      "PLANE_ICP": {
        "AAE": 0.5583324238016412,
        "ATE": 0.013041102162928279
      },
      "ours": {
        "AAE": 0.0108,
        "ATE": 0.0001943
      }
    },
    "room0": {
      "GICP": {
        "AAE": 0.4761471210747908,
        "ATE": 0.012502471121917812
      },
      "HYBRID": {
        "AAE": 0.47551622390311404,
        "ATE": 0.012475273309330381
      },
      "ICP": {
        "AAE": 0.42855613953828664,
        "ATE": 0.012862818688285479
      },
      "PLANE_ICP": {
        "AAE": 0.464926325320993,
        "ATE": 0.012461519643353982
      },
      "ours": {
        "AAE": 0.0072,
        "ATE": 0.0001519
      }
    },
    "room1": {
      "GICP": {
        "AAE": 0.8120269517624817,
        "ATE": 0.008277756846772226
      },
      "HYBRID": {
        "AAE": 0.811948281179614,
        "ATE": 0.008305277109664127
      },
      "ICP": {
        "AAE": 0.6901135884024677,
        "ATE": 0.009345091608532669
      },
      "PLANE_ICP": {
        "AAE": 0.771595331519191,
        "ATE": 0.008545326798500322
      },
      "ours": {
        "AAE": 0.0081,
        "ATE": 0.0001272
      }
    },
    "room2": {
      "GICP": {
        "AAE": 0.7806502271994282,
        "ATE": 0.011831545557342829
      },
      "HYBRID": {
        "AAE": 0.7811090770352759,
        "ATE": 0.011828757316108688
      },
      "ICP": {
        "AAE": 0.5435629107555225,
        "ATE": 0.011167806470795957
      },
      "PLANE_ICP": {
        "AAE": 0.72265162118324,
        "ATE": 0.011864373671664485
      },
      "ours": {
        "AAE": 0.01,
        "ATE": 0.0002052
      }
    }
  },
  "TUM": {
    "freiburg1_desk": {
      "GICP": {
        "AAE": 1.4260948068155348,
        "ATE": 0.022647300773953605
      },
      "HYBRID": {
        "AAE": 1.3878816018601805,
        "ATE": 0.018336434170907332
      },
      "ICP": {
        "AAE": 1.1812398513177207,
        "ATE": 0.007198055538163964
      },
      "PLANE_ICP": {
        "AAE": 1.2883301843641115,
        "ATE": 0.016589247789088817
      },
      "ours": {
        "AAE": 1.1263295053841953,
        "ATE": 0.009310321468721178
      }
    },
    "freiburg1_desk2": {
      "GICP": {
        "AAE": 2.09771012942133,
        "ATE": 0.03493094006634798
      },
      "HYBRID": {
        "AAE": 1.7910670519987126,
        "ATE": 0.01880004539225674
      },
      "ICP": {
        "AAE": 1.5567344179800904,
        "ATE": 0.008263124512777763
      },
      "PLANE_ICP": {
        "AAE": 1.618028703652856,
        "ATE": 0.019512051627959458
      },
      "ours": {
        "AAE": 1.265491742759908,
        "ATE": 0.01006467080353563
      }
    },
    "freiburg1_room": {
      "GICP": {
        "AAE": 1.5940124490160028,
        "ATE": 0.027829045732082416
      },
      "HYBRID": {
        "AAE": 1.563696839251442,
        "ATE": 0.013980406196051213
      },
      "ICP": {
        "AAE": 1.3547035114489654,
        "ATE": 0.007440724280045329
      },
      "PLANE_ICP": {
        "AAE": 1.3630038961588138,
        "ATE": 0.01607241481816131
      },
      "ours": {
        "AAE": 0.9072185591963973,
        "ATE": 0.0066618738092843535
      }
    },
    "freiburg2_xyz": {
      "GICP": {
        "AAE": 0.11372516974206438,
        "ATE": 0.0028694736274749518
      },
      "HYBRID": {
        "AAE": 0.18153819062009052,
        "ATE": 0.0030505377541225256
      },
      "ICP": {
        "AAE": 0.138261620929117,
        "ATE": 0.0005446733031711187
      },
      "PLANE_ICP": {
        "AAE": 0.1473715536622591,
        "ATE": 0.0028118848079180655
      },
      "ours": {
        "AAE": 0.7890543848912203,
        "ATE": 0.0024796385908429953
      }
    },
    "freiburg3_long_office_household": {
      "GICP": {
        "AAE": 0.35480172129819,
        "ATE": 0.009450288874598829
      },
      "HYBRID": {
        "AAE": 0.5253053983911798,
        "ATE": 0.010190616786212098
      },
      "ICP": {
        "AAE": 0.3470945447273432,
        "ATE": 0.005371213866705301
      },
      "PLANE_ICP": {
        "AAE": 0.38056867384114895,
        "ATE": 0.008950671671456599
      },
      "ours": {
        "AAE": 0.8082835497537473,
        "ATE": 0.011974489286711599
      }
    }
  }
}
