{
  "TUM": {
    "freiburg1_desk": {
      "GICP": {
        "AAE": 1.4260948068155348,
        "ATE": 0.022647300773953605
      },
      "HYBRID": {
        "AAE": 1.3878816018601805,
        "ATE": 0.018336434170907332
      },
      "ICP": {
        "AAE": 1.1812398513177207,
        "ATE": 0.007198055538163964
      },
      "PLANE_ICP": {
        "AAE": 1.2883301843641115,
        "ATE": 0.016589247789088817
      },
      "gsplat_v4_filter_knn10-10": {
        "AAE": 1.1263295053841953,
        "ATE": 0.009310321468721178
      }
    },
    "freiburg1_desk2": {
      "GICP": {
        "AAE": 2.09771012942133,
        "ATE": 0.03493094006634798
      },
      "HYBRID": {
        "AAE": 1.7910670519987126,
        "ATE": 0.01880004539225674
      },
      "ICP": {
        "AAE": 1.5567344179800904,
        "ATE": 0.008263124512777763
      },
      "PLANE_ICP": {
        "AAE": 1.618028703652856,
        "ATE": 0.019512051627959458
      },
      "gsplat_v4_filter_knn10-10": {
        "AAE": 1.265491742759908,
        "ATE": 0.01006467080353563
      }
    },
    "freiburg1_room": {
      "GICP": {
        "AAE": 1.5940124490160028,
        "ATE": 0.027829045732082416
      },
      "HYBRID": {
        "AAE": 1.563696839251442,
        "ATE": 0.013980406196051213
      },
      "ICP": {
        "AAE": 1.3547035114489654,
        "ATE": 0.007440724280045329
      },
      "PLANE_ICP": {
        "AAE": 1.3630038961588138,
        "ATE": 0.01607241481816131
      },
      "gsplat_v4_filter_knn10-10": {
        "AAE": 0.9072185591963973,
        "ATE": 0.0066618738092843535
      }
    },
    "freiburg2_xyz": {
      "GICP": {
        "AAE": 0.11372516974206438,
        "ATE": 0.0028694736274749518
      },
      "HYBRID": {
        "AAE": 0.18153819062009052,
        "ATE": 0.0030505377541225256
      },
      "ICP": {
        "AAE": 0.138261620929117,
        "ATE": 0.0005446733031711187
      },
      "PLANE_ICP": {
        "AAE": 0.1473715536622591,
        "ATE": 0.0028118848079180655
      },
      "gsplat_v4_filter_knn10-10": {
        "AAE": 0.7890543848912203,
        "ATE": 0.0024796385908429953
      }
    },
    "freiburg3_long_office_household": {
      "GICP": {
        "AAE": 0.35480172129819,
        "ATE": 0.009450288874598829
      },
      "HYBRID": {
        "AAE": 0.5253053983911798,
        "ATE": 0.010190616786212098
      },
      "ICP": {
        "AAE": 0.3470945447273432,
        "ATE": 0.005371213866705301
      },
      "PLANE_ICP": {
        "AAE": 0.38056867384114895,
        "ATE": 0.008950671671456599
      },
      "gsplat_v4_filter_knn10-10": {
        "AAE": 0.8082835497537473,
        "ATE": 0.011974489286711599
      }
    }
  }
}
